Name,Age,isOld
James Smith,48,True
Emma Davis,67,True
Ava Brown,99,True
Michael Wilson,53,True
John Johnson,80,True
Sophia Wilson,1,False
William Wilson,38,True
Emma Wilson,76,True
Ava Smith,83,True
John Jones,59,True
Alexander Williams,90,True
William Johnson,34,False
Ava Taylor,82,True
William Moore,98,True
Emma Davis,45,True
Emma Miller,52,True
Ava Brown,54,True
Olivia Johnson,60,True
John Taylor,8,False
Sophia Brown,88,True
James Jones,56,True
James Davis,78,True
Isabella Wilson,2,False
Isabella Moore,11,False
William Wilson,10,False
Michael Taylor,1,False
Alexander Johnson,99,True
John Smith,72,True
Sophia Taylor,77,True
Ava Moore,69,True
John Johnson,49,True
Emma Jones,39,True
Michael Davis,83,True
James Smith,27,False
John Wilson,50,True
Sophia Jones,40,True
Isabella Davis,71,True
John Wilson,36,False
James Wilson,26,False
John Jones,58,True
Alexander Wilson,21,False
Isabella Davis,82,True
Isabella Smith,11,False
Olivia Miller,10,False
William Jones,95,True
Ava Williams,35,False
Alexander Brown,6,False
Alexander Wilson,29,False
James Miller,38,True
Isabella Davis,55,True
James Moore,96,True
Isabella Brown,96,True
James Smith,71,True
James Moore,99,True
Ava Miller,51,True
Emma Wilson,84,True
Emma Taylor,44,True
James Johnson,73,True
James Johnson,76,True
Emma Jones,61,True
Olivia Smith,91,True
Emma Miller,34,False
Olivia Davis,61,True
Alexander Miller,39,True
Sophia Moore,74,True
Alexander Smith,37,False
Ava Jones,64,True
Sophia Wilson,44,True
Alexander Johnson,76,True
Ava Davis,75,True
Sophia Miller,19,False
James Taylor,89,True
Isabella Taylor,91,True
Ava Davis,5,False
William Moore,13,False
James Davis,26,False
Alexander Jones,100,True
Olivia Williams,80,True
Olivia Brown,34,False
Sophia Davis,26,False
Ava Davis,63,True
John Wilson,5,False
Ava Brown,25,False
Sophia Johnson,83,True
Ava Taylor,50,True
Olivia Brown,62,True
Olivia Brown,8,False
Ava Davis,52,True
Ava Jones,78,True
James Smith,91,True
William Davis,4,False
Sophia Smith,56,True
Michael Moore,6,False
Emma Davis,50,True
Michael Jones,85,True
Ava Smith,92,True
Emma Wilson,23,False
Olivia Johnson,93,True
Isabella Wilson,100,True
John Wilson,75,True
Sophia Davis,72,True
Alexander Miller,70,True
James Moore,90,True
Sophia Brown,50,True
James Brown,9,False
Alexander Miller,14,False
Michael Jones,16,False
Isabella Moore,2,False
Isabella Smith,4,False
James Moore,49,True
Olivia Jones,74,True
Olivia Wilson,96,True
John Miller,4,False
William Williams,29,False
Ava Wilson,0,False
Isabella Taylor,51,True
Michael Jones,14,False
Isabella Davis,69,True
Olivia Taylor,19,False
Olivia Wilson,28,False
Michael Wilson,15,False
Ava Moore,45,True
Isabella Davis,96,True
John Johnson,54,True
Olivia Johnson,3,False
Olivia Jones,67,True
Isabella Williams,49,True
Michael Moore,29,False
Emma Williams,66,True
Michael Johnson,46,True
Michael Miller,45,True
Alexander Wilson,34,False
William Brown,44,True
Isabella Wilson,93,True
Emma Brown,48,True
Isabella Moore,33,False
Olivia Taylor,30,False
Ava Moore,87,True
Michael Moore,51,True
Isabella Smith,14,False
Isabella Williams,97,True
James Smith,88,True
Isabella Johnson,87,True
Isabella Davis,98,True
John Miller,39,True
Michael Brown,19,False
John Smith,70,True
Alexander Taylor,70,True
John Miller,80,True
Michael Moore,23,False
Michael Brown,24,False
Alexander Williams,28,False
John Williams,91,True
Sophia Johnson,81,True
Isabella Johnson,75,True
James Miller,12,False
James Davis,33,False
Alexander Brown,56,True
Emma Taylor,36,False
Isabella Johnson,56,True
Emma Miller,98,True
William Moore,70,True
Ava Smith,61,True
Olivia Smith,14,False
Olivia Davis,68,True
Alexander Davis,96,True
Michael Davis,88,True
James Johnson,79,True
Ava Jones,56,True
Isabella Williams,54,True
Olivia Miller,53,True
Olivia Jones,75,True
Emma Moore,67,True
John Brown,89,True
Ava Brown,38,True
William Taylor,11,False
Ava Johnson,95,True
Ava Smith,3,False
William Miller,80,True
Michael Moore,12,False
James Davis,82,True
James Williams,84,True
Sophia Jones,4,False
John Davis,48,True
William Jones,38,True
John Moore,56,True
Ava Williams,18,False
Isabella Johnson,59,True
John Williams,72,True
Alexander Jones,27,False
William Wilson,45,True
Sophia Jones,69,True
Emma Davis,52,True
Emma Miller,49,True
Sophia Brown,7,False
Ava Smith,99,True
Olivia Miller,100,True
Sophia Jones,0,False
Emma Jones,71,True
James Taylor,93,True
Olivia Davis,34,False
Alexander Johnson,21,False
Isabella Taylor,45,True
Sophia Davis,47,True
Michael Williams,86,True
Isabella Miller,70,True
William Moore,20,False
Emma Jones,31,False
James Smith,56,True
Michael Jones,95,True
Michael Johnson,97,True
Michael Williams,39,True
James Jones,100,True
Ava Miller,100,True
James Williams,71,True
Olivia Moore,91,True
John Johnson,72,True
Sophia Brown,82,True
Ava Miller,4,False
William Moore,68,True
Sophia Brown,1,False
Olivia Smith,14,False
Alexander Jones,16,False
Olivia Moore,44,True
Michael Miller,52,True
John Jones,79,True
William Davis,99,True
Olivia Smith,47,True
John Moore,94,True
Olivia Davis,81,True
Michael Smith,70,True
Olivia Moore,62,True
Isabella Smith,66,True
Michael Williams,1,False
John Smith,28,False
Michael Smith,48,True
Michael Taylor,50,True
Ava Taylor,42,True
Sophia Williams,41,True
James Taylor,61,True
Alexander Moore,63,True
John Davis,55,True
Olivia Williams,55,True
William Taylor,72,True
Michael Taylor,80,True
Michael Miller,53,True
John Davis,61,True
Isabella Smith,51,True
Olivia Moore,68,True
William Johnson,66,True
Sophia Miller,67,True
Michael Williams,4,False
William Davis,65,True
James Moore,38,True
Alexander Jones,37,False
William Davis,43,True
Alexander Moore,87,True
Alexander Davis,100,True
Alexander Wilson,51,True
John Taylor,18,False
Michael Wilson,57,True
James Jones,45,True
William Williams,30,False
Michael Wilson,44,True
William Taylor,29,False
Isabella Smith,68,True
Michael Moore,77,True
Olivia Taylor,33,False
Isabella Miller,83,True
Alexander Smith,40,True
Olivia Smith,32,False
Olivia Wilson,30,False
Sophia Miller,23,False
Emma Miller,61,True
Sophia Miller,52,True
Michael Taylor,56,True
Isabella Taylor,43,True
Olivia Taylor,29,False
John Williams,27,False
Alexander Jones,23,False
William Johnson,6,False
Isabella Wilson,89,True
John Williams,68,True
Isabella Brown,63,True
John Miller,30,False
Olivia Johnson,38,True
Isabella Williams,2,False
William Johnson,38,True
William Smith,27,False
Ava Davis,67,True
John Smith,65,True
Isabella Williams,4,False
William Johnson,73,True
John Taylor,7,False
Ava Smith,43,True
Isabella Davis,22,False
James Taylor,90,True
James Brown,55,True
Sophia Wilson,55,True
Isabella Davis,64,True
Ava Wilson,30,False
Michael Smith,37,False
Sophia Wilson,82,True
Isabella Williams,11,False
William Moore,41,True
Sophia Davis,79,True
Olivia Davis,9,False
John Brown,71,True
Emma Jones,68,True
Sophia Smith,86,True
Olivia Taylor,43,True
Emma Brown,99,True
Emma Johnson,81,True
Sophia Williams,9,False
John Brown,38,True
Emma Davis,89,True
John Davis,90,True
John Johnson,96,True
Ava Johnson,8,False
Michael Davis,59,True
Emma Moore,89,True
Emma Taylor,25,False
Ava Davis,12,False
Sophia Williams,52,True
Sophia Wilson,45,True
Michael Taylor,16,False
Sophia Williams,76,True
Ava Brown,41,True
Alexander Davis,12,False
Emma Jones,6,False
Olivia Williams,59,True
William Jones,83,True
Sophia Jones,93,True
Sophia Miller,50,True
James Smith,49,True
James Wilson,50,True
Olivia Miller,36,False
John Brown,59,True
William Moore,63,True
Emma Smith,39,True
Alexander Wilson,97,True
Sophia Johnson,84,True
Emma Brown,32,False
Alexander Miller,14,False
Emma Davis,90,True
Alexander Jones,8,False
Isabella Miller,77,True
Olivia Johnson,74,True
William Williams,51,True
Ava Johnson,96,True
William Jones,51,True
John Brown,51,True
Olivia Davis,5,False
Alexander Wilson,76,True
Ava Moore,65,True
Michael Taylor,99,True
Sophia Miller,29,False
John Jones,49,True
Isabella Williams,44,True
Isabella Brown,22,False
Olivia Brown,55,True
John Davis,3,False
Alexander Brown,38,True
James Taylor,4,False
Ava Jones,15,False
Isabella Moore,81,True
Ava Johnson,55,True
Olivia Johnson,4,False
Olivia Moore,64,True
James Miller,24,False
Michael Jones,38,True
Michael Davis,72,True
William Smith,92,True
Isabella Smith,92,True
Ava Davis,67,True
Emma Williams,79,True
John Johnson,93,True
Michael Brown,12,False
Alexander Moore,69,True
James Taylor,61,True
Michael Davis,59,True
Isabella Williams,42,True
Michael Smith,13,False
John Taylor,94,True
Isabella Taylor,93,True
Emma Johnson,24,False
Michael Williams,92,True
Sophia Davis,2,False
Isabella Wilson,38,True
William Wilson,96,True
Ava Jones,7,False
Emma Taylor,97,True
John Taylor,61,True
John Miller,1,False
James Moore,43,True
James Smith,90,True
Sophia Smith,36,False
Sophia Moore,10,False
John Brown,66,True
Alexander Brown,96,True
Olivia Brown,39,True
Isabella Jones,95,True
Emma Williams,21,False
Isabella Taylor,26,False
Olivia Davis,92,True
Michael Miller,82,True
Ava Miller,66,True
Alexander Johnson,33,False
Emma Williams,46,True
Olivia Brown,62,True
James Jones,73,True
Olivia Johnson,18,False
William Williams,67,True
Alexander Smith,88,True
Emma Wilson,97,True
William Wilson,55,True
Ava Williams,28,False
Olivia Brown,28,False
Sophia Wilson,9,False
Isabella Moore,100,True
John Smith,3,False
Isabella Miller,85,True
Isabella Moore,71,True
Michael Brown,49,True
Sophia Williams,64,True
Sophia Taylor,76,True
Sophia Johnson,55,True
Olivia Jones,80,True
James Brown,18,False
Olivia Davis,12,False
Isabella Moore,10,False
Olivia Smith,56,True
Michael Wilson,75,True
John Wilson,93,True
William Jones,37,False
Isabella Jones,19,False
Michael Johnson,33,False
Ava Davis,65,True
Olivia Miller,87,True
Alexander Brown,73,True
Isabella Davis,22,False
Olivia Williams,9,False
Sophia Moore,52,True
Ava Miller,61,True
Alexander Smith,72,True
Michael Brown,79,True
James Brown,64,True
William Brown,73,True
John Jones,43,True
William Moore,86,True
Emma Wilson,59,True
Isabella Moore,69,True
James Moore,49,True
Sophia Davis,67,True
Emma Jones,97,True
Ava Smith,13,False
Ava Johnson,62,True
Alexander Jones,27,False
Sophia Jones,4,False
Ava Brown,28,False
William Brown,96,True
Olivia Johnson,29,False
Sophia Brown,27,False
Ava Brown,20,False
Sophia Moore,77,True
Isabella Jones,37,False
Isabella Williams,25,False
John Taylor,87,True
William Williams,95,True
Sophia Miller,85,True
Olivia Taylor,56,True
Michael Brown,10,False
James Wilson,32,False
Alexander Smith,13,False
Isabella Moore,29,False
James Johnson,27,False
William Johnson,88,True
Michael Johnson,45,True
John Johnson,13,False
Alexander Williams,94,True
Isabella Taylor,5,False
Michael Davis,86,True
Sophia Miller,30,False
Isabella Johnson,8,False
James Smith,62,True
Michael Jones,21,False
Alexander Miller,1,False
Sophia Wilson,27,False
James Wilson,73,True
Ava Moore,17,False
Isabella Wilson,86,True
Ava Miller,66,True
Ava Moore,94,True
Sophia Davis,53,True
Ava Taylor,53,True
Olivia Jones,27,False
Olivia Brown,85,True
Alexander Williams,94,True
Alexander Moore,78,True
Olivia Miller,94,True
John Smith,8,False
Sophia Wilson,70,True
Michael Jones,41,True
William Taylor,11,False
Olivia Brown,71,True
Isabella Moore,5,False
William Williams,64,True
Michael Williams,44,True
Ava Miller,3,False
Alexander Taylor,78,True
Sophia Smith,50,True
Isabella Jones,93,True
Isabella Williams,16,False
Isabella Wilson,10,False
William Taylor,72,True
John Taylor,84,True
Alexander Johnson,20,False
John Wilson,50,True
John Taylor,52,True
John Johnson,94,True
Alexander Moore,84,True
John Moore,37,False
William Jones,4,False
Michael Jones,95,True
William Jones,30,False
Ava Johnson,90,True
Alexander Taylor,64,True
Isabella Smith,33,False
Olivia Wilson,13,False
James Wilson,10,False
Alexander Smith,44,True
Olivia Miller,55,True
Sophia Smith,39,True
Michael Wilson,53,True
Emma Wilson,39,True
William Smith,92,True
Alexander Johnson,94,True
James Moore,94,True
Michael Jones,57,True
Michael Davis,24,False
Alexander Davis,34,False
Alexander Davis,28,False
Olivia Taylor,56,True
Alexander Taylor,31,False
Isabella Jones,62,True
Alexander Brown,72,True
James Wilson,74,True
John Jones,85,True
Emma Smith,71,True
John Williams,93,True
Sophia Jones,22,False
Michael Wilson,71,True
Ava Davis,87,True
Ava Smith,58,True
Isabella Johnson,73,True
James Davis,26,False
Alexander Davis,41,True
Sophia Davis,4,False
Olivia Miller,81,True
Isabella Taylor,49,True
Alexander Davis,29,False
Sophia Jones,31,False
Sophia Brown,71,True
Isabella Brown,47,True
John Wilson,82,True
William Taylor,17,False
Olivia Taylor,92,True
Michael Williams,66,True
Isabella Taylor,90,True
Emma Smith,3,False
John Wilson,37,False
Ava Moore,71,True
Isabella Davis,86,True
William Davis,33,False
Michael Johnson,45,True
Isabella Smith,10,False
Alexander Moore,75,True
John Moore,99,True
James Miller,82,True
Olivia Moore,60,True
Sophia Jones,79,True
William Jones,13,False
William Moore,60,True
Emma Moore,85,True
Isabella Miller,32,False
Sophia Brown,4,False
Isabella Jones,89,True
Michael Wilson,4,False
Sophia Taylor,88,True
John Moore,4,False
Isabella Moore,66,True
Emma Moore,93,True
Isabella Jones,49,True
Sophia Miller,96,True
James Wilson,7,False
Alexander Taylor,38,True
James Davis,17,False
Emma Taylor,79,True
Emma Jones,79,True
John Taylor,94,True
Michael Miller,21,False
James Taylor,99,True
James Smith,5,False
Michael Davis,92,True
Isabella Moore,42,True
Alexander Moore,34,False
Michael Wilson,100,True
Olivia Davis,19,False
Ava Miller,45,True
Olivia Jones,0,False
Olivia Brown,13,False
Michael Wilson,65,True
John Brown,85,True
John Brown,27,False
Michael Wilson,69,True
William Williams,5,False
Ava Taylor,20,False
Sophia Smith,5,False
James Moore,86,True
Emma Moore,10,False
Alexander Miller,69,True
Isabella Jones,95,True
Isabella Moore,89,True
Michael Moore,16,False
James Johnson,0,False
Michael Taylor,97,True
Michael Miller,16,False
Sophia Taylor,60,True
Ava Wilson,43,True
Sophia Wilson,23,False
Sophia Smith,60,True
Michael Brown,35,False
Ava Davis,8,False
William Brown,76,True
John Davis,76,True
Sophia Davis,93,True
John Williams,73,True
William Johnson,53,True
Emma Wilson,38,True
John Brown,87,True
James Miller,42,True
Michael Jones,95,True
James Johnson,73,True
Alexander Wilson,40,True
Isabella Miller,2,False
James Johnson,65,True
Sophia Taylor,100,True
William Miller,25,False
Ava Smith,89,True
William Jones,98,True
Emma Johnson,93,True
Alexander Williams,81,True
Ava Wilson,22,False
Isabella Johnson,69,True
Michael Smith,15,False
Olivia Johnson,37,False
William Miller,37,False
Isabella Davis,18,False
Olivia Jones,89,True
Emma Wilson,75,True
John Johnson,48,True
John Smith,73,True
Isabella Jones,77,True
Alexander Taylor,70,True
Olivia Brown,21,False
Sophia Miller,84,True
Olivia Wilson,48,True
John Williams,50,True
Olivia Miller,11,False
Sophia Brown,18,False
James Davis,87,True
Sophia Johnson,78,True
Alexander Williams,23,False
Olivia Williams,67,True
Emma Williams,3,False
Ava Moore,8,False
Sophia Moore,19,False
Isabella Brown,57,True
Alexander Brown,71,True
Michael Taylor,33,False
James Smith,100,True
William Brown,50,True
Emma Jones,94,True
James Smith,28,False
Emma Miller,57,True
Emma Jones,80,True
John Wilson,42,True
Alexander Davis,85,True
Emma Miller,47,True
Alexander Jones,87,True
Isabella Davis,71,True
Emma Brown,88,True
Isabella Johnson,0,False
Michael Johnson,3,False
Michael Smith,83,True
Olivia Miller,56,True
Sophia Wilson,17,False
Michael Miller,43,True
William Miller,89,True
Sophia Taylor,36,False
Ava Johnson,55,True
William Johnson,46,True
Sophia Williams,84,True
William Taylor,32,False
Alexander Williams,32,False
Sophia Johnson,61,True
Emma Wilson,0,False
Alexander Moore,56,True
Alexander Jones,53,True
Michael Smith,14,False
John Jones,16,False
Olivia Davis,33,False
Ava Wilson,4,False
Emma Williams,62,True
Alexander Williams,41,True
Olivia Jones,13,False
Olivia Davis,6,False
Ava Williams,29,False
James Moore,31,False
Ava Moore,76,True
Emma Wilson,37,False
James Johnson,36,False
Sophia Davis,64,True
Emma Wilson,31,False
Emma Williams,65,True
Alexander Smith,48,True
Alexander Johnson,40,True
Isabella Johnson,23,False
Michael Johnson,90,True
Michael Brown,64,True
William Williams,47,True
John Johnson,35,False
Sophia Miller,24,False
Ava Williams,46,True
Sophia Moore,70,True
Emma Brown,66,True
Isabella Jones,74,True
Michael Taylor,23,False
James Smith,89,True
Olivia Wilson,58,True
Michael Jones,81,True
James Williams,61,True
James Moore,33,False
Olivia Brown,73,True
John Moore,21,False
Alexander Johnson,50,True
Michael Johnson,18,False
Alexander Moore,91,True
William Jones,17,False
Ava Davis,99,True
Isabella Davis,45,True
John Williams,38,True
Isabella Brown,3,False
William Davis,0,False
Sophia Wilson,21,False
Michael Williams,77,True
John Brown,64,True
Emma Davis,37,False
James Wilson,11,False
Alexander Johnson,96,True
Emma Jones,37,False
Emma Johnson,24,False
James Johnson,57,True
Sophia Miller,33,False
Sophia Brown,51,True
William Johnson,26,False
Alexander Brown,63,True
Isabella Miller,60,True
William Moore,17,False
John Jones,29,False
Michael Davis,52,True
John Jones,100,True
Michael Jones,48,True
Isabella Williams,11,False
William Johnson,58,True
Olivia Moore,78,True
William Miller,38,True
Ava Wilson,91,True
Olivia Wilson,3,False
Alexander Miller,32,False
Sophia Wilson,73,True
William Davis,48,True
Olivia Johnson,49,True
Sophia Moore,69,True
Sophia Davis,84,True
Ava Brown,50,True
Isabella Moore,39,True
William Jones,80,True
Ava Johnson,95,True
James Davis,13,False
Ava Jones,71,True
Ava Williams,35,False
William Moore,35,False
James Moore,24,False
William Johnson,67,True
John Miller,84,True
William Brown,75,True
James Smith,86,True
James Wilson,57,True
James Jones,14,False
James Johnson,18,False
Alexander Williams,70,True
Emma Brown,100,True
Emma Taylor,61,True
James Davis,67,True
Alexander Smith,46,True
Alexander Smith,38,True
William Brown,96,True
William Johnson,68,True
John Williams,17,False
Olivia Smith,80,True
Ava Jones,12,False
Sophia Williams,58,True
Emma Davis,87,True
Michael Smith,2,False
Emma Williams,91,True
Isabella Jones,59,True
John Taylor,29,False
Alexander Wilson,96,True
Alexander Wilson,66,True
Michael Taylor,100,True
John Taylor,33,False
Isabella Smith,18,False
Alexander Brown,32,False
William Smith,52,True
John Davis,89,True
Olivia Williams,45,True
John Davis,44,True
Olivia Davis,85,True
Sophia Brown,20,False
Ava Wilson,46,True
Sophia Davis,44,True
Ava Taylor,9,False
Alexander Davis,54,True
John Wilson,22,False
William Wilson,68,True
Sophia Wilson,82,True
Sophia Moore,5,False
Olivia Miller,50,True
Michael Brown,8,False
Alexander Wilson,69,True
Sophia Moore,93,True
William Johnson,54,True
Emma Taylor,18,False
Isabella Taylor,91,True
Michael Brown,56,True
Emma Jones,24,False
James Taylor,49,True
William Brown,93,True
Michael Brown,29,False
Isabella Smith,3,False
Olivia Miller,34,False
Michael Jones,4,False
William Taylor,32,False
Michael Davis,83,True
Olivia Smith,72,True
Michael Brown,18,False
Michael Smith,49,True
James Williams,8,False
Emma Johnson,0,False
Ava Taylor,80,True
Alexander Johnson,55,True
Michael Moore,18,False
James Moore,61,True
John Brown,98,True
John Brown,98,True
Isabella Davis,3,False
Sophia Brown,58,True
Michael Miller,67,True
William Wilson,68,True
James Jones,62,True
Olivia Wilson,99,True
Olivia Miller,40,True
Olivia Jones,100,True
Alexander Wilson,65,True
Sophia Smith,55,True
Olivia Miller,43,True
Olivia Williams,38,True
John Smith,67,True
William Jones,90,True
Isabella Brown,51,True
John Williams,36,False
James Smith,88,True
William Jones,83,True
Ava Wilson,3,False
William Moore,69,True
John Taylor,36,False
Ava Jones,77,True
Alexander Williams,69,True
James Brown,71,True
John Brown,46,True
Isabella Miller,74,True
Isabella Moore,14,False
Olivia Taylor,22,False
William Taylor,18,False
William Miller,1,False
Ava Brown,94,True
Olivia Jones,36,False
Alexander Johnson,76,True
James Smith,100,True
John Miller,100,True
Emma Johnson,62,True
Isabella Davis,51,True
Michael Miller,77,True
Ava Brown,53,True
Alexander Moore,85,True
Olivia Miller,79,True
James Davis,88,True
William Johnson,28,False
Alexander Jones,99,True
Olivia Wilson,58,True
Michael Taylor,25,False
James Johnson,16,False
William Smith,95,True
Michael Jones,34,False
Michael Moore,69,True
Olivia Johnson,36,False
Alexander Smith,67,True
Ava Brown,48,True
James Wilson,59,True
Isabella Williams,26,False
William Wilson,52,True
Olivia Williams,30,False
Emma Taylor,63,True
Emma Miller,36,False
James Smith,64,True
John Taylor,63,True
James Moore,66,True
James Brown,38,True
William Johnson,70,True
James Williams,23,False
Sophia Moore,88,True
Alexander Smith,1,False
Michael Moore,98,True
Olivia Johnson,65,True
Olivia Johnson,31,False
James Davis,97,True
Ava Miller,56,True
Michael Johnson,80,True
Ava Davis,95,True
William Brown,68,True
Olivia Taylor,47,True
Sophia Taylor,6,False
Sophia Davis,19,False
John Miller,97,True
John Johnson,3,False
Emma Davis,100,True
Isabella Johnson,30,False
Emma Moore,86,True
Alexander Johnson,35,False
James Moore,48,True
Ava Jones,51,True
Emma Davis,33,False
Ava Jones,45,True
Emma Williams,76,True
Emma Johnson,75,True
Isabella Brown,92,True
Olivia Miller,19,False
Alexander Johnson,22,False
Ava Brown,22,False
Emma Jones,69,True
James Smith,27,False
Michael Miller,84,True
Olivia Taylor,84,True
Sophia Johnson,73,True
Ava Williams,22,False
James Moore,79,True
Isabella Miller,35,False
Alexander Smith,91,True
Sophia Brown,44,True
Alexander Davis,23,False
William Moore,17,False
Michael Brown,43,True
Sophia Smith,16,False
Ava Taylor,61,True
William Jones,56,True
Michael Johnson,44,True
Ava Wilson,92,True
Ava Jones,85,True
Ava Johnson,44,True
Isabella Davis,78,True
Emma Moore,39,True
Ava Johnson,29,False
Ava Wilson,2,False
Michael Smith,10,False
Sophia Wilson,92,True
Emma Johnson,0,False
James Moore,50,True
Michael Wilson,42,True
Olivia Brown,31,False
William Williams,41,True
Alexander Wilson,31,False
Sophia Wilson,32,False
Emma Jones,3,False
Michael Wilson,82,True
Sophia Miller,20,False
Ava Taylor,29,False
Isabella Davis,44,True
Ava Williams,33,False
Emma Taylor,60,True